Model,RMSE,Pearson Correlation
Baseline,2.1278158419185376,
Linear Regression,1.8520332760075602,0.4950634660776966
