Model,RMSE,Pearson Correlation
Baseline,0.0006598572973592782,
Linear Regression,0.000667793704260237,0.026250584888479464
